{
    "attributes": {
        "star_rating": 6.762269973754883,
        "max_combo": 1141,
        "aim_difficulty": 3.625149965286255,
        "speed_difficulty": 2.6909799575805664,
        "speed_note_count": 410.2950134277344,
        "flashlight_difficulty": 0,
        "slider_factor": 0.9920399785041809,
        "approach_rate": 9.600000381469727,
        "overall_difficulty": 9.300000190734863
    }
}